{
  "raw": {
    "DynaGuard": {
      "f1": 0.783528,
      "attack_f1": 0.758294,
      "gap": 0.16375,
      "low": 0.09375,
      "high": 0.23875,
      "gate": "V-SUP"
    },
    "BingoGuard": {
      "f1": 0.891115,
      "attack_f1": 0.887719,
      "gap": 0.01,
      "low": -0.01,
      "high": 0.03125,
      "gate": "V-NS"
    },
    "HarmAug": {
      "f1": 0.864762,
      "attack_f1": 0.862444,
      "gap": 0.009375,
      "low": 0.0,
      "high": 0.02125,
      "gate": "V-NS"
    },
    "WildGuard": {
      "f1": 0.838819,
      "attack_f1": 0.831183,
      "gap": 0.040625,
      "low": 0.006859,
      "high": 0.090016,
      "gate": "V-SUP"
    }
  },
  "method": {
    "DynaGuard": {
      "f1": 0.860689,
      "attack_f1": 0.858369,
      "gap": 0.01,
      "low": 0.0,
      "high": 0.0225,
      "gate": "R-NS"
    },
    "BingoGuard": {
      "f1": 0.891962,
      "attack_f1": 0.888889,
      "gap": 0.01,
      "low": 0.0,
      "high": 0.025,
      "gate": "R-NS"
    },
    "HarmAug": {
      "f1": 0.868409,
      "attack_f1": 0.867347,
      "gap": 0.005,
      "low": 0.0,
      "high": 0.015,
      "gate": "R-NS"
    },
    "WildGuard": {
      "f1": 0.860374,
      "attack_f1": 0.859813,
      "gap": 0.0025,
      "low": 0.0,
      "high": 0.0075,
      "gate": "R-NS"
    }
  },
  "attenuation": {
    "DynaGuard": {
      "mean": 0.15375,
      "low": 0.0875,
      "high": 0.2275,
      "holm": 0.0003
    },
    "WildGuard": {
      "mean": 0.038125,
      "low": 0.004375,
      "high": 0.08,
      "holm": 0.047095
    }
  }
}